method,group,value,recall,n_gt
B1 Otsu+CCA,scale,tiny,0.0769,13
B1 Otsu+CCA,scale,small,0.0252,674
B1 Otsu+CCA,scale,medium+,0.0544,1802
B1 Otsu+CCA,daynight,day,0.0634,1357
B1 Otsu+CCA,daynight,night,0.0265,1132
B1 Otsu+CCA,altitude_m,80,0.0608,148
B1 Otsu+CCA,altitude_m,90,0.0125,160
B1 Otsu+CCA,altitude_m,100,0.0046,655
B1 Otsu+CCA,altitude_m,110,0.007,571
B1 Otsu+CCA,altitude_m,120,0.1498,574
B1 Otsu+CCA,altitude_m,130,0.0315,381
B1 Otsu+CCA,angle_deg,30,0.018,610
B1 Otsu+CCA,angle_deg,40,0.0295,508
B1 Otsu+CCA,angle_deg,50,0.0647,232
B1 Otsu+CCA,angle_deg,60,0.0629,318
B1 Otsu+CCA,angle_deg,70,0.0803,249
B1 Otsu+CCA,angle_deg,80,0.0628,239
B1 Otsu+CCA,angle_deg,90,0.0601,333
B1 Otsu+CCA,cold,False,0.1083,1053
B1 Otsu+CCA,cold,True,0.0014,1436
B2b HOG+GB,scale,tiny,0.0,13
B2b HOG+GB,scale,small,0.2033,674
B2b HOG+GB,scale,medium+,0.5461,1802
B2b HOG+GB,daynight,day,0.4923,1357
B2b HOG+GB,daynight,night,0.4002,1132
B2b HOG+GB,altitude_m,80,0.4392,148
B2b HOG+GB,altitude_m,90,0.4375,160
B2b HOG+GB,altitude_m,100,0.5206,655
B2b HOG+GB,altitude_m,110,0.282,571
B2b HOG+GB,altitude_m,120,0.6289,574
B2b HOG+GB,altitude_m,130,0.3228,381
B2b HOG+GB,angle_deg,30,0.159,610
B2b HOG+GB,angle_deg,40,0.376,508
B2b HOG+GB,angle_deg,50,0.3707,232
B2b HOG+GB,angle_deg,60,0.6006,318
B2b HOG+GB,angle_deg,70,0.7149,249
B2b HOG+GB,angle_deg,80,0.6318,239
B2b HOG+GB,angle_deg,90,0.6817,333
B2b HOG+GB,cold,False,0.5062,1053
B2b HOG+GB,cold,True,0.4095,1436
C YOLO11n,scale,tiny,0.1538,13
C YOLO11n,scale,small,0.5386,674
C YOLO11n,scale,medium+,0.7741,1802
C YOLO11n,daynight,day,0.7524,1357
C YOLO11n,daynight,night,0.6528,1132
C YOLO11n,altitude_m,80,0.7973,148
C YOLO11n,altitude_m,90,0.6562,160
C YOLO11n,altitude_m,100,0.7527,655
C YOLO11n,altitude_m,110,0.718,571
C YOLO11n,altitude_m,120,0.7787,574
C YOLO11n,altitude_m,130,0.4908,381
C YOLO11n,angle_deg,30,0.4049,610
C YOLO11n,angle_deg,40,0.7185,508
C YOLO11n,angle_deg,50,0.7457,232
C YOLO11n,angle_deg,60,0.8962,318
C YOLO11n,angle_deg,70,0.9076,249
C YOLO11n,angle_deg,80,0.795,239
C YOLO11n,angle_deg,90,0.8228,333
C YOLO11n,cold,False,0.7578,1053
C YOLO11n,cold,True,0.6699,1436
